customer_id,age,tenure_months,product_count,avg_balance,monthly_txn_count,clv_inr,complaints_open,nps_score,competitor_inquiry,app_login_days,intl_transfer_dormancy,emotion_label,emotion_name,churn_probability,risk_tier,churn
CUST0001,43,31,3,15022,18,13082,1,3.3,0,20,1,1,Confused,0.149,low,0
CUST0002,36,25,1,6487,14,2629,0,6.9,0,10,1,0,Satisfied,0.2385,low,0
CUST0003,45,13,3,49556,21,31747,0,2.0,0,14,0,1,Confused,0.01,low,0
CUST0004,56,120,1,266838,8,172801,3,6.3,1,26,0,4,Comparison-shopping,0.0248,low,0
CUST0005,35,27,1,36139,9,21458,0,10.0,0,21,0,0,Satisfied,0.01,low,0
CUST0006,35,8,2,71025,14,48783,0,4.2,0,30,0,1,Confused,0.0228,low,0
CUST0007,56,3,1,38772,14,16978,0,4.4,0,27,0,1,Confused,0.1276,low,0
CUST0008,47,4,3,33553,11,21191,0,7.8,0,27,0,0,Satisfied,0.0616,low,0
CUST0009,32,8,3,75755,13,39642,0,3.0,1,6,0,3,Price-sensitive,0.2574,low,0
CUST0010,44,5,2,28789,20,20065,0,4.9,0,24,0,1,Confused,0.0671,low,0
CUST0011,32,6,1,44977,15,17304,1,7.5,0,17,0,0,Satisfied,0.048,low,0
CUST0012,32,10,1,46974,18,30182,0,4.9,0,13,1,1,Confused,0.237,low,0
CUST0013,40,5,2,21280,15,8749,0,5.7,0,19,1,0,Satisfied,0.1325,low,0
CUST0014,21,68,4,80308,11,37518,0,7.8,0,25,0,0,Satisfied,0.0672,low,0
CUST0015,21,2,2,31572,15,13614,0,7.1,0,22,1,0,Satisfied,0.0832,low,0
CUST0016,31,22,1,19838,9,8127,1,6.8,0,10,1,0,Satisfied,0.2451,low,0
CUST0017,25,15,2,55782,13,44370,3,5.5,1,23,0,4,Comparison-shopping,0.268,low,0
CUST0018,41,120,2,17698,9,8343,0,7.0,0,12,0,0,Satisfied,0.0582,low,0
CUST0019,27,3,3,37143,17,31804,2,5.9,0,19,1,2,Frustrated,0.1637,low,0
CUST0020,21,15,1,36051,7,31795,1,7.2,1,15,1,2,Frustrated,0.5346,medium,1
CUST0021,55,104,3,86570,16,55643,1,5.2,1,16,1,2,Frustrated,0.039,low,0
CUST0022,35,60,2,53090,15,20482,0,5.8,0,24,1,0,Satisfied,0.01,low,0
CUST0023,38,50,4,35595,15,18677,0,4.1,1,9,0,3,Price-sensitive,0.1429,low,0
CUST0024,21,8,1,69857,15,54393,0,6.1,1,30,0,2,Frustrated,0.0931,low,0
CUST0025,31,5,2,110433,17,57473,1,4.5,0,3,0,1,Confused,0.1029,low,0
CUST0026,39,33,4,56740,20,19984,0,3.9,0,13,0,1,Confused,0.01,low,0
CUST0027,24,79,1,36617,14,23217,2,6.7,0,20,0,2,Frustrated,0.0921,low,0
CUST0028,42,24,4,12714,12,10261,0,6.6,1,22,0,2,Frustrated,0.1768,low,0
CUST0029,30,25,2,15489,15,12043,0,7.8,0,17,0,0,Satisfied,0.0504,low,0
CUST0030,34,9,1,28447,9,11523,1,5.3,0,17,1,0,Satisfied,0.3128,medium,0
CUST0031,30,44,1,22301,12,15692,0,7.1,1,21,0,2,Frustrated,0.2144,low,0
CUST0032,60,6,2,31270,16,13518,0,7.4,0,16,0,0,Satisfied,0.0754,low,0
CUST0033,37,11,1,37999,16,16374,1,7.1,0,29,0,0,Satisfied,0.0409,low,0
CUST0034,25,16,2,55478,12,45738,2,4.5,0,24,0,3,Price-sensitive,0.01,low,0
CUST0035,47,21,1,34324,13,15438,1,6.5,0,24,1,0,Satisfied,0.1121,low,0
CUST0036,23,8,2,53594,20,24543,1,7.0,1,10,1,2,Frustrated,0.3244,medium,0
CUST0037,40,3,1,38237,12,11486,1,6.2,0,17,1,0,Satisfied,0.2546,low,0
CUST0038,21,28,3,7477,12,6149,3,1.8,1,15,0,4,Comparison-shopping,0.514,medium,1
CUST0039,22,10,4,17129,16,13284,0,6.5,0,9,0,0,Satisfied,0.1473,low,0
CUST0040,40,26,4,32361,12,21888,0,10.0,0,20,0,0,Satisfied,0.01,low,0
CUST0041,46,5,2,13797,13,10349,0,5.4,1,13,0,2,Frustrated,0.3316,medium,0
CUST0042,40,19,1,58685,19,22959,0,4.7,0,23,1,1,Confused,0.1566,low,0
CUST0043,36,22,3,123574,9,71054,1,7.0,0,9,1,0,Satisfied,0.0998,low,0
CUST0044,34,1,1,96279,16,49172,1,6.9,0,30,1,0,Satisfied,0.0838,low,0
CUST0045,21,12,1,30615,12,10907,1,8.7,1,10,0,2,Frustrated,0.3531,medium,0
CUST0046,29,4,1,119680,13,70812,0,3.6,0,19,1,1,Confused,0.0787,low,0
CUST0047,32,1,2,40901,16,34865,1,7.7,0,24,0,0,Satisfied,0.0306,low,0
CUST0048,50,120,3,27731,12,8985,0,7.4,0,13,1,0,Satisfied,0.01,low,0
CUST0049,42,11,2,22231,16,10556,1,5.9,0,24,0,0,Satisfied,0.1231,low,0
CUST0050,21,49,2,28510,14,12103,1,6.9,1,8,0,2,Frustrated,0.1875,low,0
CUST0051,41,8,1,26621,13,11790,0,8.4,0,29,0,0,Satisfied,0.01,low,0
CUST0052,33,34,4,41619,10,35170,0,8.0,0,18,1,0,Satisfied,0.1565,low,0
CUST0053,29,42,2,41293,17,23984,0,3.8,0,13,0,1,Confused,0.07,low,0
CUST0054,45,27,2,36404,12,21106,2,7.9,0,15,0,2,Frustrated,0.0247,low,0
CUST0055,50,19,1,51510,15,38959,2,6.1,1,24,1,4,Comparison-shopping,0.3756,medium,0
CUST0056,49,15,3,94137,23,36967,1,6.4,0,13,0,0,Satisfied,0.0576,low,0
CUST0057,27,12,2,77624,13,45981,0,6.4,1,12,0,2,Frustrated,0.2638,low,0
CUST0058,34,79,1,11070,14,6176,0,5.9,0,16,0,0,Satisfied,0.01,low,0
CUST0059,41,53,1,5000,15,3290,1,8.7,0,8,0,0,Satisfied,0.1442,low,0
CUST0060,49,100,2,76684,13,68995,1,6.0,1,30,1,2,Frustrated,0.1108,low,0
CUST0061,32,3,2,12167,11,9267,0,3.8,0,13,1,1,Confused,0.2161,low,0
CUST0062,35,39,1,30338,6,16343,0,5.4,1,24,0,2,Frustrated,0.1898,low,0
CUST0063,24,83,4,14241,15,11343,1,6.6,1,19,1,2,Frustrated,0.0814,low,0
CUST0064,23,5,1,8590,15,3456,0,8.8,0,10,0,0,Satisfied,0.1422,low,0
CUST0065,47,2,2,56003,13,17824,0,7.5,0,17,0,0,Satisfied,0.066,low,0
CUST0066,54,40,4,66657,14,28173,0,4.4,1,24,0,3,Price-sensitive,0.1252,low,0
CUST0067,37,25,2,22897,15,11545,0,10.0,0,16,0,0,Satisfied,0.1011,low,0
CUST0068,50,55,2,5000,15,3031,2,6.8,0,27,0,2,Frustrated,0.0119,low,0
CUST0069,42,4,2,23458,13,15695,3,8.9,0,26,1,2,Frustrated,0.094,low,0
CUST0070,30,47,1,49684,14,42050,1,5.9,0,25,1,0,Satisfied,0.0786,low,0
CUST0071,42,6,4,11124,20,6740,0,7.3,1,14,0,2,Frustrated,0.2605,low,0
CUST0072,56,5,2,42053,14,25263,0,8.0,0,9,0,0,Satisfied,0.1035,low,0
CUST0073,37,5,3,35873,9,11843,0,8.8,0,13,1,0,Satisfied,0.1221,low,0
CUST0074,56,50,1,57724,9,18526,0,8.4,0,19,1,0,Satisfied,0.0665,low,0
CUST0075,21,32,1,39961,22,25203,1,8.0,0,22,1,0,Satisfied,0.1653,low,0
CUST0076,47,22,1,16672,14,9384,0,5.5,0,0,0,0,Satisfied,0.2206,low,0
CUST0077,39,13,2,94585,15,75999,0,5.0,1,17,1,2,Frustrated,0.1895,low,0
CUST0078,34,62,2,31989,11,12680,0,6.9,0,19,0,0,Satisfied,0.01,low,0
CUST0079,39,14,3,35530,17,11191,0,8.2,1,15,0,2,Frustrated,0.1644,low,0
CUST0080,21,50,2,17212,14,9800,0,5.7,1,28,0,2,Frustrated,0.1745,low,0
CUST0081,35,17,4,25472,15,11271,0,8.4,0,21,0,0,Satisfied,0.0418,low,0
CUST0082,42,14,1,17892,10,5900,4,9.3,0,28,0,2,Frustrated,0.1954,low,0
CUST0083,55,18,3,31623,19,23235,0,4.3,0,16,0,1,Confused,0.0506,low,0
CUST0084,31,10,3,142823,13,52409,0,4.4,0,25,0,1,Confused,0.0801,low,0
CUST0085,28,41,3,12118,16,8058,2,5.9,1,30,1,4,Comparison-shopping,0.3456,medium,0
CUST0086,31,20,3,9988,16,4680,4,6.8,1,28,0,4,Comparison-shopping,0.3815,medium,0
CUST0087,48,7,3,117822,12,47611,1,5.1,0,9,0,0,Satisfied,0.0837,low,0
CUST0088,41,68,2,30716,18,16213,2,9.0,0,15,0,2,Frustrated,0.0372,low,0
CUST0089,31,14,1,21263,12,16603,0,7.1,1,15,1,2,Frustrated,0.3155,medium,0
CUST0090,44,23,1,83443,17,44663,0,6.3,1,21,0,2,Frustrated,0.1703,low,0
CUST0091,39,71,3,22370,16,16787,0,3.2,0,23,0,1,Confused,0.0343,low,0
CUST0092,49,29,2,156499,18,58732,1,3.4,0,11,0,1,Confused,0.0548,low,0
CUST0093,29,3,3,62463,8,47700,1,6.8,0,18,1,0,Satisfied,0.1157,low,0
CUST0094,34,84,2,24579,7,10867,0,1.7,1,1,1,3,Price-sensitive,0.2811,low,0
CUST0095,33,29,1,203994,13,144108,0,8.3,0,29,0,0,Satisfied,0.01,low,0
CUST0096,21,12,1,22368,12,14303,1,5.9,0,13,0,0,Satisfied,0.2436,low,0
CUST0097,41,4,2,65754,14,56383,0,10.0,0,18,1,0,Satisfied,0.0517,low,0
CUST0098,41,47,2,46139,7,24564,1,10.0,0,15,0,0,Satisfied,0.1468,low,0
CUST0099,38,29,1,102887,6,34950,1,5.8,0,27,0,0,Satisfied,0.0713,low,0
CUST0100,35,22,2,126653,13,39451,1,6.0,1,0,0,2,Frustrated,0.1346,low,0
CUST0101,21,67,1,37257,11,29660,1,8.3,0,17,0,0,Satisfied,0.0387,low,0
CUST0102,32,46,2,19875,13,12219,2,9.8,0,17,0,2,Frustrated,0.0265,low,0
CUST0103,33,4,1,52468,12,40145,0,2.8,0,14,0,1,Confused,0.0576,low,0
CUST0104,28,11,3,21116,11,9304,1,2.4,0,30,1,1,Confused,0.2478,low,0
CUST0105,36,8,1,181808,12,92185,1,4.9,0,10,1,1,Confused,0.1324,low,0
CUST0106,42,40,2,40506,14,12883,0,7.4,0,24,0,0,Satisfied,0.0553,low,0
CUST0107,60,1,1,27112,15,23774,0,7.2,0,20,1,0,Satisfied,0.1818,low,0
CUST0108,40,25,1,42097,11,29498,0,8.4,0,28,0,0,Satisfied,0.01,low,0
CUST0109,41,43,2,12360,15,10628,0,3.7,0,12,0,1,Confused,0.0528,low,0
CUST0110,37,62,2,16692,11,7666,1,1.3,0,12,0,1,Confused,0.1377,low,0
CUST0111,21,12,2,94876,11,63270,2,8.0,1,26,1,4,Comparison-shopping,0.1686,low,0
CUST0112,37,51,1,21471,15,15182,0,4.5,1,21,1,3,Price-sensitive,0.1279,low,0
CUST0113,38,3,2,15716,17,7709,0,2.0,0,5,1,1,Confused,0.2929,low,0
CUST0114,67,56,3,55788,5,45124,3,6.5,0,13,1,2,Frustrated,0.135,low,0
CUST0115,35,4,3,93766,16,81416,0,7.9,1,21,0,2,Frustrated,0.1132,low,0
CUST0116,41,15,1,64547,18,53632,0,5.9,0,24,1,0,Satisfied,0.1247,low,0
CUST0117,37,47,2,80566,11,59896,1,5.2,1,12,1,2,Frustrated,0.2502,low,0
CUST0118,23,4,1,19822,12,9246,0,5.9,1,0,1,2,Frustrated,0.6748,medium,1
CUST0119,51,7,1,11644,12,5460,0,5.4,0,22,0,0,Satisfied,0.1972,low,0
CUST0120,47,38,4,120700,18,105976,0,3.4,0,8,0,1,Confused,0.01,low,0
CUST0121,47,38,1,28053,13,8589,0,4.7,1,1,0,3,Price-sensitive,0.3933,medium,0
CUST0122,27,30,2,29712,13,21678,1,7.3,0,0,0,0,Satisfied,0.1595,low,0
CUST0123,54,35,2,105088,8,76057,0,6.9,0,24,0,0,Satisfied,0.01,low,0
CUST0124,21,23,2,56669,14,38173,0,6.6,0,19,0,0,Satisfied,0.01,low,0
CUST0125,45,8,2,52297,15,46756,1,4.1,0,16,0,1,Confused,0.0735,low,0
CUST0126,64,12,1,205253,16,99984,2,5.8,0,29,0,2,Frustrated,0.01,low,0
CUST0127,26,6,1,21702,22,10937,0,1.6,1,23,0,3,Price-sensitive,0.3881,medium,0
CUST0128,31,71,2,76288,12,26499,0,6.6,1,30,0,2,Frustrated,0.01,low,0
CUST0129,39,26,1,38010,17,21501,1,9.2,0,6,1,0,Satisfied,0.1294,low,0
CUST0130,31,15,2,45020,23,20557,0,3.1,0,17,0,1,Confused,0.0425,low,0
CUST0131,21,18,1,123349,13,62418,0,5.0,0,5,0,0,Satisfied,0.133,low,0
CUST0132,38,88,1,54517,10,43654,1,6.9,0,16,1,0,Satisfied,0.0511,low,0
CUST0133,25,4,2,55861,12,48112,2,8.8,0,16,0,2,Frustrated,0.0983,low,0
CUST0134,43,26,1,85648,17,35238,2,5.3,1,23,0,4,Comparison-shopping,0.2026,low,0
CUST0135,26,21,2,27120,10,14197,1,4.7,1,18,0,3,Price-sensitive,0.3575,medium,0
CUST0136,56,28,2,18557,14,15906,1,2.1,0,22,0,1,Confused,0.0664,low,0
CUST0137,28,1,3,15743,10,5306,0,6.4,0,23,1,0,Satisfied,0.2154,low,0
CUST0138,34,61,1,7531,15,2676,1,10.0,0,30,0,0,Satisfied,0.0414,low,0
CUST0139,47,80,1,188144,9,74820,0,6.8,0,15,0,0,Satisfied,0.01,low,0
CUST0140,23,24,1,15024,17,9872,0,6.2,0,10,0,0,Satisfied,0.2485,low,0
CUST0141,40,35,2,30424,16,11873,1,6.9,0,19,0,0,Satisfied,0.01,low,0
CUST0142,53,76,2,29101,16,25633,1,6.2,1,11,1,2,Frustrated,0.1573,low,0
CUST0143,21,36,1,46440,19,26379,0,4.5,0,29,0,1,Confused,0.01,low,0
CUST0144,40,4,4,69744,12,41909,2,7.9,0,15,0,2,Frustrated,0.1541,low,0
CUST0145,41,25,1,72285,9,32383,0,6.7,1,13,0,2,Frustrated,0.3015,medium,0
CUST0146,47,27,2,22777,11,13269,0,6.2,0,14,0,0,Satisfied,0.1609,low,0
CUST0147,23,16,2,31770,12,22148,0,4.2,0,23,0,1,Confused,0.1345,low,0
CUST0148,22,40,3,45527,9,34177,1,8.9,0,16,1,0,Satisfied,0.0692,low,0
CUST0149,44,81,2,29763,14,22391,1,7.6,0,12,1,0,Satisfied,0.0302,low,0
CUST0150,41,77,3,131383,14,84969,0,5.0,1,30,1,2,Frustrated,0.01,low,0
CUST0151,41,17,1,53786,24,45320,1,8.3,0,11,1,0,Satisfied,0.2501,low,0
CUST0152,42,3,3,65375,16,51675,0,5.2,1,18,1,2,Frustrated,0.3056,medium,0
CUST0153,29,120,1,61716,17,46547,1,4.6,0,23,0,1,Confused,0.01,low,0
CUST0154,40,54,3,92853,9,30953,0,4.6,0,4,1,1,Confused,0.1356,low,0
CUST0155,41,3,2,41974,9,12765,0,2.5,1,21,1,3,Price-sensitive,0.3672,medium,0
CUST0156,29,76,3,12868,17,5500,3,7.2,0,9,1,2,Frustrated,0.1355,low,0
CUST0157,60,61,2,49998,12,34904,0,2.4,0,24,0,1,Confused,0.0213,low,0
CUST0158,43,21,2,21566,18,11790,0,3.6,0,10,0,1,Confused,0.1376,low,0
CUST0159,23,26,2,23792,17,12882,1,1.8,0,23,1,1,Confused,0.1426,low,0
CUST0160,45,15,2,58051,13,48225,3,6.0,0,26,1,2,Frustrated,0.0806,low,0
CUST0161,26,1,1,97794,7,81886,0,5.9,0,24,1,0,Satisfied,0.117,low,0
CUST0162,47,12,1,36938,11,31231,0,5.5,0,20,0,0,Satisfied,0.1626,low,0
CUST0163,51,48,1,46493,17,22703,0,4.0,0,16,0,1,Confused,0.0572,low,0
CUST0164,28,1,1,141743,24,101294,0,3.7,1,13,0,3,Price-sensitive,0.2171,low,0
CUST0165,49,12,3,44028,12,20384,0,7.2,0,29,1,0,Satisfied,0.0156,low,0
CUST0166,42,15,1,291077,10,120612,1,5.0,1,12,0,2,Frustrated,0.0565,low,0
CUST0167,47,23,4,57091,15,23451,4,6.9,0,9,0,2,Frustrated,0.1466,low,0
CUST0168,60,75,1,8878,15,4485,0,4.3,0,23,1,1,Confused,0.101,low,0
CUST0169,35,12,1,66348,18,37020,0,6.6,1,11,0,2,Frustrated,0.2433,low,0
CUST0170,28,12,3,49262,13,39339,0,8.9,0,10,1,0,Satisfied,0.1424,low,0
CUST0171,27,40,2,101905,11,37902,0,7.4,1,6,0,2,Frustrated,0.1607,low,0
CUST0172,28,18,2,62227,20,46107,2,5.3,0,14,1,2,Frustrated,0.1798,low,0
CUST0173,37,7,2,32507,14,20117,0,6.7,0,17,0,0,Satisfied,0.0942,low,0
CUST0174,42,18,2,13637,16,6447,0,5.7,0,19,1,0,Satisfied,0.0686,low,0
CUST0175,41,4,1,30723,9,18301,1,6.2,0,25,1,0,Satisfied,0.2179,low,0
CUST0176,47,5,4,18390,15,8826,0,5.5,1,22,0,2,Frustrated,0.2113,low,0
CUST0177,38,20,4,22824,14,15010,1,5.9,0,16,0,0,Satisfied,0.0845,low,0
CUST0178,55,16,2,58154,14,32584,0,6.6,1,16,0,2,Frustrated,0.1463,low,0
CUST0179,34,73,1,138126,7,55063,2,4.1,1,22,1,4,Comparison-shopping,0.0879,low,0
CUST0180,70,13,2,49798,18,18422,3,4.1,0,28,1,3,Price-sensitive,0.0662,low,0
CUST0181,45,26,1,13950,14,8760,1,3.3,0,19,0,1,Confused,0.1251,low,0
CUST0182,27,30,1,51827,5,43609,3,2.8,1,14,0,4,Comparison-shopping,0.5575,medium,1
CUST0183,25,1,1,94589,13,47897,0,3.6,1,10,0,3,Price-sensitive,0.2609,low,0
CUST0184,43,32,2,22296,19,16494,0,6.5,0,6,1,0,Satisfied,0.1176,low,0
CUST0185,35,5,3,32623,23,22679,1,4.3,0,23,1,1,Confused,0.2398,low,0
CUST0186,46,97,2,36744,15,31560,1,7.3,0,22,0,0,Satisfied,0.065,low,0
CUST0187,43,4,2,19381,13,15361,0,6.3,0,22,0,0,Satisfied,0.1674,low,0
CUST0188,37,16,2,60999,7,39037,0,2.1,0,16,0,1,Confused,0.1202,low,0
CUST0189,27,2,1,32966,17,22885,0,7.6,1,29,0,2,Frustrated,0.2562,low,0
CUST0190,21,120,2,50798,14,42621,0,7.9,0,14,0,0,Satisfied,0.01,low,0
CUST0191,32,20,4,17854,11,9636,0,4.1,0,25,0,1,Confused,0.0424,low,0
CUST0192,48,27,1,25591,16,12695,1,7.1,0,17,0,0,Satisfied,0.01,low,0
CUST0193,40,2,3,64725,15,19837,0,4.4,0,13,0,1,Confused,0.1507,low,0
CUST0194,23,41,2,26949,14,21449,0,6.4,0,22,0,0,Satisfied,0.1151,low,0
CUST0195,40,7,2,144577,21,112855,1,3.5,0,21,0,1,Confused,0.01,low,0
CUST0196,42,68,2,26378,15,9566,1,2.4,0,20,0,1,Confused,0.0341,low,0
CUST0197,27,6,2,43466,12,28084,2,5.4,0,18,1,2,Frustrated,0.1808,low,0
CUST0198,39,6,3,76578,17,44291,1,5.9,0,17,1,0,Satisfied,0.1316,low,0
CUST0199,38,1,3,11676,13,4334,0,5.4,1,30,0,2,Frustrated,0.2761,low,0
CUST0200,24,19,2,8878,14,7886,2,3.7,0,27,0,3,Price-sensitive,0.0386,low,0
CUST0201,42,24,1,10715,9,4594,0,5.4,0,23,1,0,Satisfied,0.1861,low,0
CUST0202,44,2,2,99714,13,33936,0,6.8,0,18,1,0,Satisfied,0.0601,low,0
CUST0203,50,44,3,23353,17,15340,1,6.1,1,26,0,2,Frustrated,0.1277,low,0
CUST0204,50,18,1,281126,13,208966,2,6.6,0,22,0,2,Frustrated,0.0363,low,0
CUST0205,21,22,2,23123,15,7387,0,4.8,0,18,0,1,Confused,0.065,low,0
CUST0206,26,17,2,42093,17,29264,0,8.7,1,15,0,2,Frustrated,0.144,low,0
CUST0207,44,15,2,124702,15,77237,0,3.7,0,17,0,1,Confused,0.0267,low,0
CUST0208,44,24,1,180750,16,65424,0,7.2,0,0,0,0,Satisfied,0.0845,low,0
CUST0209,44,5,2,188943,8,76241,0,8.7,0,19,1,0,Satisfied,0.0486,low,0
CUST0210,70,6,3,95481,11,61182,1,7.2,0,14,0,0,Satisfied,0.0812,low,0
CUST0211,44,59,1,82392,19,39368,0,5.8,0,30,0,0,Satisfied,0.01,low,0
CUST0212,51,87,1,58338,22,50345,3,5.1,1,18,0,4,Comparison-shopping,0.1165,low,0
CUST0213,49,14,4,67689,13,53558,1,8.4,0,8,0,0,Satisfied,0.1276,low,0
CUST0214,45,9,1,23366,14,20799,1,3.2,1,17,0,3,Price-sensitive,0.4685,medium,0
CUST0215,34,30,3,18872,11,8601,2,4.2,0,9,0,3,Price-sensitive,0.2156,low,0
CUST0216,47,15,2,36217,19,31937,0,5.4,1,21,1,2,Frustrated,0.3358,medium,0
CUST0217,28,1,1,31693,17,17708,0,8.8,0,20,0,0,Satisfied,0.1408,low,0
CUST0218,35,5,3,25271,14,12850,1,7.0,0,25,1,0,Satisfied,0.1379,low,0
CUST0219,32,37,2,63393,15,20932,2,4.2,0,11,1,3,Price-sensitive,0.1183,low,0
CUST0220,38,32,2,77982,12,25863,1,5.5,1,18,0,2,Frustrated,0.0204,low,0
CUST0221,65,1,2,38976,10,27875,0,4.9,0,7,0,1,Confused,0.1487,low,0
CUST0222,21,7,2,118423,14,68064,3,4.7,0,23,0,3,Price-sensitive,0.0643,low,0
CUST0223,46,7,1,14568,12,6350,0,8.3,0,22,1,0,Satisfied,0.1799,low,0
CUST0224,21,33,2,31103,17,20788,2,3.3,0,21,1,3,Price-sensitive,0.1402,low,0
CUST0225,32,1,4,20466,14,9244,4,9.6,0,18,1,2,Frustrated,0.2888,low,0
CUST0226,51,3,1,8158,13,5274,0,7.9,0,21,0,0,Satisfied,0.0343,low,0
CUST0227,38,48,2,33991,9,17523,1,8.5,0,30,1,0,Satisfied,0.01,low,0
CUST0228,25,5,1,32945,14,26162,0,5.2,0,15,0,0,Satisfied,0.1694,low,0
CUST0229,29,31,3,121876,26,96576,0,5.9,0,19,0,0,Satisfied,0.104,low,0
CUST0230,46,8,1,60153,12,35274,0,3.2,0,9,0,1,Confused,0.1629,low,0
CUST0231,29,3,4,16004,11,8169,1,5.1,1,11,0,2,Frustrated,0.4665,medium,0
CUST0232,40,8,2,160055,11,82834,3,7.2,0,18,1,2,Frustrated,0.1362,low,0
CUST0233,38,38,1,96454,13,75564,1,8.9,0,26,0,0,Satisfied,0.01,low,0
CUST0234,30,58,1,57854,12,28748,0,3.9,0,15,0,1,Confused,0.0711,low,0
CUST0235,63,53,1,30297,18,12889,2,5.4,1,16,0,4,Comparison-shopping,0.2159,low,0
CUST0236,45,15,2,16855,12,5912,3,5.9,1,14,1,4,Comparison-shopping,0.6471,medium,1
CUST0237,21,33,1,26963,17,15638,0,3.3,1,13,1,3,Price-sensitive,0.4114,medium,0
CUST0238,40,6,3,86768,15,51130,4,7.4,0,20,0,2,Frustrated,0.1365,low,0
CUST0239,30,10,2,164007,7,131951,0,4.7,0,6,0,1,Confused,0.0101,low,0
CUST0240,48,67,1,124815,16,54012,2,5.8,0,28,0,2,Frustrated,0.0539,low,0
CUST0241,28,1,2,24561,17,12982,0,5.3,0,12,1,0,Satisfied,0.2888,low,0
CUST0242,36,2,2,14828,22,11640,0,4.5,0,23,0,1,Confused,0.036,low,0
CUST0243,44,6,1,40648,11,32281,0,6.2,1,7,0,2,Frustrated,0.3948,medium,0
CUST0244,48,1,1,8824,12,4683,1,5.7,1,23,0,2,Frustrated,0.4474,medium,0
CUST0245,23,6,1,47029,17,27063,0,5.4,1,23,0,2,Frustrated,0.2779,low,0
CUST0246,33,26,2,32270,14,15553,0,4.7,0,21,1,1,Confused,0.0654,low,0
CUST0247,32,16,2,25013,18,21499,1,6.9,0,10,0,0,Satisfied,0.01,low,0
CUST0248,30,66,2,10139,16,3763,2,9.7,0,19,0,2,Frustrated,0.106,low,0
CUST0249,59,51,3,54769,20,47115,0,6.5,0,8,0,0,Satisfied,0.0723,low,0
CUST0250,42,12,3,23714,11,16844,0,8.3,1,15,0,2,Frustrated,0.1378,low,0
CUST0251,22,9,2,14243,10,8815,0,3.3,0,26,1,1,Confused,0.1251,low,0
CUST0252,49,14,3,5000,17,1597,0,6.5,0,24,0,0,Satisfied,0.1444,low,0
CUST0253,63,26,1,35524,22,20794,2,3.9,0,18,1,3,Price-sensitive,0.289,low,0
CUST0254,50,9,1,149911,13,81648,2,3.1,0,10,1,3,Price-sensitive,0.2325,low,0
CUST0255,21,29,1,137174,17,54421,1,4.6,1,23,0,3,Price-sensitive,0.0963,low,0
CUST0256,32,15,1,25193,13,17480,0,8.7,0,18,0,0,Satisfied,0.0927,low,0
CUST0257,53,24,2,22431,18,19799,1,8.2,1,0,0,2,Frustrated,0.3112,medium,0
CUST0258,29,17,4,52839,13,33674,1,6.7,0,24,1,0,Satisfied,0.1485,low,0
CUST0259,43,10,1,16338,16,11907,2,3.0,0,17,0,3,Price-sensitive,0.2206,low,0
CUST0260,47,88,1,46232,6,15768,1,5.8,1,27,0,2,Frustrated,0.0458,low,0
CUST0261,26,43,2,67027,10,36905,1,6.8,0,9,0,0,Satisfied,0.1095,low,0
CUST0262,37,4,4,96910,15,35838,1,6.6,1,0,1,2,Frustrated,0.409,medium,0
CUST0263,21,60,1,33519,9,22379,0,2.3,0,20,0,1,Confused,0.1358,low,0
CUST0264,25,20,2,30855,16,26630,3,4.3,0,20,0,3,Price-sensitive,0.1185,low,0
CUST0265,34,67,1,17990,11,12540,0,6.1,0,4,0,0,Satisfied,0.0789,low,0
CUST0266,23,48,1,18741,15,6485,1,7.3,1,10,0,2,Frustrated,0.2175,low,0
CUST0267,57,16,4,30297,20,15536,0,1.6,0,30,1,1,Confused,0.0929,low,0
CUST0268,21,1,4,48722,16,30714,1,5.9,1,15,0,2,Frustrated,0.2198,low,0
CUST0269,32,9,1,75423,14,40873,1,6.5,0,23,1,0,Satisfied,0.103,low,0
CUST0270,39,23,4,19100,12,15283,0,8.0,0,12,1,0,Satisfied,0.0483,low,0
CUST0271,55,30,2,119868,15,94552,0,7.7,0,1,0,0,Satisfied,0.0717,low,0
CUST0272,21,8,3,29234,17,19501,1,7.4,0,16,1,0,Satisfied,0.1848,low,0
CUST0273,51,4,2,35700,11,18709,1,4.5,0,15,0,1,Confused,0.0657,low,0
CUST0274,38,54,2,19974,16,9052,0,2.2,1,14,0,3,Price-sensitive,0.2433,low,0
CUST0275,26,120,2,5221,6,1897,0,5.4,0,17,1,0,Satisfied,0.1527,low,0
CUST0276,43,22,2,73661,22,37783,1,8.3,0,20,0,0,Satisfied,0.0376,low,0
CUST0277,40,5,1,65478,16,35875,0,9.1,0,16,0,0,Satisfied,0.0381,low,0
CUST0278,30,9,1,28996,10,20456,0,7.7,0,7,0,0,Satisfied,0.3064,medium,0
CUST0279,38,1,1,38314,17,26624,0,7.1,0,21,1,0,Satisfied,0.0804,low,0
CUST0280,33,73,2,54871,11,18769,0,7.0,0,2,0,0,Satisfied,0.0359,low,0
CUST0281,39,3,1,10404,7,5588,0,5.0,0,1,0,0,Satisfied,0.3377,medium,0
CUST0282,45,25,2,23783,9,9728,0,5.9,0,23,0,0,Satisfied,0.1292,low,0
CUST0283,57,9,4,68556,17,27017,0,9.7,0,22,1,0,Satisfied,0.0689,low,0
CUST0284,23,24,1,13313,13,10602,0,4.2,0,17,1,1,Confused,0.1724,low,0
CUST0285,63,31,2,45928,13,14933,0,9.6,0,6,0,0,Satisfied,0.01,low,0
CUST0286,21,53,2,12267,10,6765,0,5.5,0,12,1,0,Satisfied,0.0815,low,0
CUST0287,36,6,3,52740,11,21144,0,9.0,0,15,0,0,Satisfied,0.014,low,0
CUST0288,45,1,1,35294,15,29209,2,3.2,1,5,0,4,Comparison-shopping,0.661,medium,1
CUST0289,41,4,2,9975,12,6326,0,7.4,1,12,1,2,Frustrated,0.4072,medium,0
CUST0290,30,69,3,92207,15,40463,0,4.7,1,23,1,3,Price-sensitive,0.01,low,0
CUST0291,35,62,4,20177,16,12135,0,3.2,0,29,1,1,Confused,0.1058,low,0
CUST0292,32,27,2,18992,11,14033,0,6.7,1,14,1,2,Frustrated,0.2873,low,0
CUST0293,30,27,2,42636,16,37300,1,8.3,1,24,0,2,Frustrated,0.0626,low,0
CUST0294,48,32,2,91026,12,39347,1,4.4,1,2,1,3,Price-sensitive,0.339,medium,0
CUST0295,42,5,3,16112,15,13400,2,3.1,0,23,0,3,Price-sensitive,0.1798,low,0
CUST0296,29,73,2,38152,22,32832,1,6.0,0,11,0,0,Satisfied,0.01,low,0
CUST0297,48,16,1,51177,10,43492,3,6.0,1,20,0,4,Comparison-shopping,0.4589,medium,0
CUST0298,41,14,4,63226,16,43072,0,7.4,0,16,0,0,Satisfied,0.01,low,0
CUST0299,47,21,2,41820,13,28349,0,8.2,0,28,0,0,Satisfied,0.1189,low,0
CUST0300,45,1,2,27075,15,14672,0,6.1,0,11,0,0,Satisfied,0.1464,low,0
CUST0301,28,5,1,18730,13,14074,0,10.0,0,23,0,0,Satisfied,0.0634,low,0
CUST0302,31,40,2,38906,10,24074,0,6.7,0,15,0,0,Satisfied,0.0121,low,0
CUST0303,46,2,2,15402,27,10880,1,5.5,0,16,0,0,Satisfied,0.1267,low,0
CUST0304,45,27,2,5000,8,2785,0,2.8,0,16,0,1,Confused,0.1552,low,0
CUST0305,37,8,1,51495,20,38049,3,5.6,0,11,0,2,Frustrated,0.2347,low,0
CUST0306,39,14,2,74843,11,59476,2,5.5,0,17,1,2,Frustrated,0.1451,low,0
CUST0307,53,10,4,5484,17,2127,0,8.2,0,17,1,0,Satisfied,0.1259,low,0
CUST0308,30,13,1,16191,15,12948,0,7.2,0,19,1,0,Satisfied,0.1307,low,0
CUST0309,44,38,4,59594,16,37197,0,3.7,0,18,0,1,Confused,0.0249,low,0
CUST0310,35,10,2,188338,16,151951,0,6.6,1,24,1,2,Frustrated,0.01,low,0
CUST0311,35,25,3,36924,17,20632,0,7.6,0,25,0,0,Satisfied,0.0829,low,0
CUST0312,51,19,3,20284,11,10698,0,9.4,0,9,0,0,Satisfied,0.0971,low,0
CUST0313,47,32,2,31372,11,26635,0,8.1,0,24,0,0,Satisfied,0.01,low,0
CUST0314,47,82,2,109087,7,49165,0,7.8,1,8,1,2,Frustrated,0.168,low,0
CUST0315,53,39,3,21660,17,17469,4,6.3,0,22,0,2,Frustrated,0.1218,low,0
CUST0316,38,7,2,19161,16,11312,1,7.0,0,22,0,0,Satisfied,0.04,low,0
CUST0317,46,1,1,24681,22,15017,3,8.8,0,2,0,2,Frustrated,0.3687,medium,0
CUST0318,34,9,2,16938,21,8216,0,3.4,0,18,1,1,Confused,0.1731,low,0
CUST0319,41,27,3,40060,10,25791,0,5.5,1,14,0,2,Frustrated,0.2255,low,0
CUST0320,36,1,3,133218,17,65959,1,4.6,1,11,0,3,Price-sensitive,0.1668,low,0
CUST0321,39,20,3,47026,14,15215,0,7.0,0,28,0,0,Satisfied,0.0577,low,0
CUST0322,45,27,2,29676,15,13745,0,8.8,0,12,0,0,Satisfied,0.0418,low,0
CUST0323,28,12,3,28754,11,8736,1,4.9,0,11,1,1,Confused,0.2615,low,0
CUST0324,63,44,1,10398,17,9223,1,1.2,0,18,0,1,Confused,0.0425,low,0
CUST0325,25,3,2,73606,15,64732,0,5.3,0,23,1,0,Satisfied,0.0618,low,0
CUST0326,23,2,1,34123,16,18327,0,8.1,0,16,0,0,Satisfied,0.1941,low,0
CUST0327,51,39,1,31433,13,23166,0,7.3,0,27,1,0,Satisfied,0.0312,low,0
CUST0328,47,20,2,467187,21,237089,0,7.1,0,22,0,0,Satisfied,0.01,low,0
CUST0329,45,34,2,46120,18,32406,0,5.6,1,0,0,2,Frustrated,0.2018,low,0
CUST0330,45,17,2,19901,13,15587,0,3.5,0,13,0,1,Confused,0.0586,low,0
CUST0331,37,8,2,25820,12,22413,0,7.3,1,13,0,2,Frustrated,0.153,low,0
CUST0332,27,51,2,91012,6,49158,3,4.4,1,21,0,4,Comparison-shopping,0.1724,low,0
CUST0333,38,48,1,39759,21,30613,1,10.0,0,0,1,0,Satisfied,0.1305,low,0
CUST0334,29,35,2,11491,17,5280,1,7.4,1,30,0,2,Frustrated,0.1203,low,0
CUST0335,49,9,1,75764,16,67748,0,5.0,0,22,1,0,Satisfied,0.1021,low,0
CUST0336,36,26,1,21279,10,6712,0,4.9,0,19,1,1,Confused,0.1726,low,0
CUST0337,28,13,2,162533,7,107615,0,6.0,0,27,0,0,Satisfied,0.0696,low,0
CUST0338,34,2,2,86166,18,59945,0,5.7,1,30,1,2,Frustrated,0.1434,low,0
CUST0339,42,74,2,25390,8,18098,0,8.5,0,24,1,0,Satisfied,0.01,low,0
CUST0340,31,4,2,101195,12,37668,1,6.6,0,25,0,0,Satisfied,0.0328,low,0
CUST0341,28,90,2,38341,14,33092,1,4.7,1,19,1,3,Price-sensitive,0.1447,low,0
CUST0342,40,17,3,71841,12,29362,0,10.0,0,16,0,0,Satisfied,0.1076,low,0
CUST0343,40,6,2,53518,12,36052,0,6.3,0,14,0,0,Satisfied,0.0514,low,0
CUST0344,31,23,2,18451,22,8000,3,7.8,1,11,1,4,Comparison-shopping,0.4888,medium,0
CUST0345,32,61,1,21702,12,10510,0,4.9,1,12,0,3,Price-sensitive,0.22,low,0
CUST0346,40,39,1,82782,8,51976,0,7.0,1,7,0,2,Frustrated,0.1438,low,0
CUST0347,21,49,2,27783,15,15289,0,6.9,1,17,0,2,Frustrated,0.1123,low,0
CUST0348,21,32,2,26293,13,10415,1,2.2,0,4,1,1,Confused,0.1816,low,0
CUST0349,29,35,2,16914,10,6808,4,10.0,1,19,1,4,Comparison-shopping,0.3545,medium,0
CUST0350,35,56,2,50964,10,28075,0,8.9,0,17,0,0,Satisfied,0.0425,low,0
CUST0351,41,8,2,189097,11,142649,2,5.4,0,19,1,2,Frustrated,0.0392,low,0
CUST0352,55,20,3,15459,10,12966,2,3.9,0,13,1,3,Price-sensitive,0.3065,medium,0
CUST0353,48,7,3,37025,14,12976,0,6.9,0,30,0,0,Satisfied,0.0456,low,0
CUST0354,36,120,2,112395,8,60228,0,6.4,1,28,0,2,Frustrated,0.01,low,0
CUST0355,37,86,4,34073,10,12271,0,6.9,1,8,1,2,Frustrated,0.1312,low,0
CUST0356,25,1,1,52150,11,16164,4,6.6,0,19,1,2,Frustrated,0.3417,medium,0
CUST0357,37,36,1,15523,8,10820,0,7.3,0,13,1,0,Satisfied,0.2286,low,0
CUST0358,34,77,1,51156,14,33838,1,9.2,0,9,0,0,Satisfied,0.01,low,0
CUST0359,41,5,2,31265,11,12437,0,7.4,1,7,0,2,Frustrated,0.3083,medium,0
CUST0360,28,25,3,79904,13,35180,1,4.0,1,21,0,3,Price-sensitive,0.1118,low,0
CUST0361,44,74,1,93892,15,29503,0,9.1,0,12,0,0,Satisfied,0.0455,low,0
CUST0362,56,1,3,288269,13,230894,1,9.6,0,25,0,0,Satisfied,0.01,low,0
CUST0363,36,35,1,57740,14,51089,2,10.0,0,25,1,2,Frustrated,0.0574,low,0
CUST0364,42,10,4,47128,16,17968,2,3.8,0,28,0,3,Price-sensitive,0.1379,low,0
CUST0365,46,77,2,42425,14,18619,2,6.7,1,11,1,4,Comparison-shopping,0.2002,low,0
CUST0366,33,106,1,27377,19,22477,0,1.8,0,21,0,1,Confused,0.0481,low,0
CUST0367,40,86,2,47609,14,40747,1,7.4,0,23,0,0,Satisfied,0.01,low,0
CUST0368,38,19,1,28672,15,15820,0,5.0,0,14,0,0,Satisfied,0.0514,low,0
CUST0369,39,59,1,41554,12,13728,0,10.0,0,11,0,0,Satisfied,0.0447,low,0
CUST0370,28,55,1,104201,16,33723,0,4.6,1,30,0,3,Price-sensitive,0.0371,low,0
CUST0371,38,11,3,16232,13,10459,0,2.7,0,19,1,1,Confused,0.2134,low,0
CUST0372,43,52,2,90391,10,48425,0,5.2,0,23,1,0,Satisfied,0.0288,low,0
CUST0373,55,1,1,104160,13,33038,4,2.1,0,11,0,3,Price-sensitive,0.3417,medium,0
CUST0374,49,27,2,33042,18,21475,0,7.8,0,8,0,0,Satisfied,0.01,low,0
CUST0375,63,7,2,6650,14,2040,1,1.9,0,13,1,1,Confused,0.4182,medium,0
CUST0376,28,3,1,22331,15,17248,0,6.3,1,17,0,2,Frustrated,0.3363,medium,0
CUST0377,48,2,2,102497,11,49594,0,1.8,0,9,0,1,Confused,0.1406,low,0
CUST0378,40,35,1,35657,17,11558,0,5.5,0,17,0,0,Satisfied,0.0276,low,0
CUST0379,64,12,1,16326,18,10661,3,9.7,0,4,1,2,Frustrated,0.3992,medium,0
CUST0380,28,38,2,24250,12,13061,2,7.0,0,9,0,2,Frustrated,0.0517,low,0
CUST0381,27,2,1,71146,13,62913,2,4.4,0,23,0,3,Price-sensitive,0.1769,low,0
CUST0382,30,11,2,56240,14,35235,4,6.1,0,22,1,2,Frustrated,0.215,low,0
CUST0383,21,23,2,29997,13,13952,0,6.2,1,14,0,2,Frustrated,0.2106,low,0
CUST0384,31,46,1,27079,20,19650,0,7.2,1,9,0,2,Frustrated,0.2217,low,0
CUST0385,28,11,2,26544,13,12287,1,3.3,0,9,0,1,Confused,0.126,low,0
CUST0386,39,29,1,17362,25,14628,0,7.4,0,15,1,0,Satisfied,0.0856,low,0
CUST0387,42,65,4,132230,16,69398,0,0.5,0,23,0,1,Confused,0.0366,low,0
CUST0388,60,28,2,28061,13,17676,0,4.9,0,25,1,1,Confused,0.1865,low,0
CUST0389,49,7,3,96155,15,31764,1,5.2,1,14,1,2,Frustrated,0.2964,low,0
CUST0390,31,1,2,122645,11,68150,1,7.5,0,8,0,0,Satisfied,0.1022,low,0
CUST0391,27,61,1,80712,12,64522,0,6.2,0,20,1,0,Satisfied,0.0375,low,0
CUST0392,43,1,2,25711,12,20141,0,3.2,1,11,0,3,Price-sensitive,0.4991,medium,0
CUST0393,22,62,4,50160,17,21799,1,4.1,1,13,0,3,Price-sensitive,0.0448,low,0
CUST0394,59,22,2,35619,16,15517,1,6.6,0,28,0,0,Satisfied,0.0542,low,0
CUST0395,52,83,3,17624,10,13929,0,6.0,0,24,0,0,Satisfied,0.01,low,0
CUST0396,32,48,3,47074,14,40400,1,5.0,0,19,0,0,Satisfied,0.01,low,0
CUST0397,21,120,1,14140,14,5051,0,5.2,0,7,0,0,Satisfied,0.0425,low,0
CUST0398,54,12,1,93914,17,53534,0,7.7,1,19,0,2,Frustrated,0.1465,low,0
CUST0399,36,43,2,25041,17,12582,1,5.1,1,26,1,2,Frustrated,0.1883,low,0
CUST0400,52,15,2,42656,18,35080,1,6.0,1,14,0,2,Frustrated,0.2395,low,0
CUST0401,21,19,3,45552,9,15948,0,10.0,0,28,1,0,Satisfied,0.2058,low,0
CUST0402,30,29,3,29521,15,12595,1,3.2,1,28,0,3,Price-sensitive,0.1748,low,0
CUST0403,38,62,2,58067,10,43636,1,2.3,0,30,0,1,Confused,0.0563,low,0
CUST0404,38,120,1,24836,19,8215,1,7.8,0,20,0,0,Satisfied,0.01,low,0
CUST0405,32,43,3,72914,15,43421,1,4.8,0,22,0,1,Confused,0.0504,low,0
CUST0406,45,16,1,12372,19,6993,1,5.5,0,29,0,0,Satisfied,0.0857,low,0
CUST0407,25,16,3,40179,15,20115,0,4.6,1,21,1,3,Price-sensitive,0.254,low,0
CUST0408,36,40,2,171295,14,91941,0,5.7,0,13,1,0,Satisfied,0.1145,low,0
CUST0409,39,8,2,16313,11,10080,0,9.6,0,14,1,0,Satisfied,0.192,low,0
CUST0410,44,3,1,21116,12,8379,0,7.9,0,19,0,0,Satisfied,0.128,low,0
CUST0411,46,13,2,54782,10,35235,1,8.0,0,7,1,0,Satisfied,0.0545,low,0
CUST0412,24,10,2,41926,20,32838,0,3.2,0,16,0,1,Confused,0.0667,low,0
CUST0413,21,10,2,48074,10,36348,0,3.8,0,26,0,1,Confused,0.2042,low,0
CUST0414,53,7,1,53709,16,21072,0,0.2,1,0,1,3,Price-sensitive,0.6617,medium,1
CUST0415,41,1,2,60341,18,23505,0,4.5,0,30,0,1,Confused,0.102,low,0
CUST0416,29,1,3,88235,18,40667,0,8.2,0,26,0,0,Satisfied,0.1013,low,0
CUST0417,56,120,1,50405,16,26041,1,7.3,0,14,0,0,Satisfied,0.0261,low,0
CUST0418,39,16,1,29941,21,16320,0,5.7,1,22,0,2,Frustrated,0.1773,low,0
CUST0419,52,14,1,62196,12,44023,1,6.2,0,18,1,0,Satisfied,0.0459,low,0
CUST0420,38,34,2,166026,10,55454,3,4.8,0,27,0,3,Price-sensitive,0.0635,low,0
CUST0421,62,7,2,32659,10,10477,0,6.6,0,25,1,0,Satisfied,0.0658,low,0
CUST0422,59,89,2,16653,11,8911,0,7.8,0,6,0,0,Satisfied,0.0382,low,0
CUST0423,35,46,1,88050,17,63246,0,2.8,0,22,0,1,Confused,0.01,low,0
CUST0424,49,2,2,32981,8,13722,1,6.8,1,16,0,2,Frustrated,0.3343,medium,0
CUST0425,45,16,2,6386,12,4373,1,8.2,0,18,0,0,Satisfied,0.1029,low,0
CUST0426,54,63,2,71534,11,32612,0,5.3,0,12,0,0,Satisfied,0.0423,low,0
CUST0427,26,86,4,23664,12,19680,0,7.7,1,30,1,2,Frustrated,0.01,low,0
CUST0428,46,18,1,33778,19,28286,2,10.0,0,26,1,2,Frustrated,0.1782,low,0
CUST0429,50,28,2,47362,11,22656,0,6.0,0,12,1,0,Satisfied,0.0751,low,0
CUST0430,21,5,2,42293,7,18524,0,7.0,0,7,1,0,Satisfied,0.112,low,0
CUST0431,23,120,2,64059,11,35026,2,4.7,0,14,1,3,Price-sensitive,0.0238,low,0
CUST0432,21,7,2,25632,13,11388,1,6.6,0,21,0,0,Satisfied,0.1027,low,0
CUST0433,34,85,2,54747,17,38510,2,7.2,0,19,1,2,Frustrated,0.0423,low,0
CUST0434,46,31,4,29506,12,23476,1,6.6,1,28,0,2,Frustrated,0.2155,low,0
CUST0435,56,28,1,65581,11,46159,2,4.1,1,24,0,4,Comparison-shopping,0.274,low,0
CUST0436,38,21,1,59414,17,47210,0,6.6,0,25,0,0,Satisfied,0.0422,low,0
CUST0437,57,7,2,17182,17,9247,1,9.3,0,20,0,0,Satisfied,0.0241,low,0
CUST0438,21,5,2,86576,18,34092,2,7.1,0,6,0,2,Frustrated,0.1545,low,0
CUST0439,21,7,1,23652,15,17568,1,8.2,1,16,1,2,Frustrated,0.4876,medium,0
CUST0440,37,6,1,69317,19,35787,0,5.7,0,26,0,0,Satisfied,0.0367,low,0
CUST0441,42,45,1,48719,17,34237,0,7.8,0,17,0,0,Satisfied,0.01,low,0
CUST0442,37,12,3,158031,16,73071,0,6.8,1,22,0,2,Frustrated,0.1264,low,0
CUST0443,21,1,1,30370,11,10591,0,4.2,1,15,0,3,Price-sensitive,0.3706,medium,0
CUST0444,36,104,1,27461,12,24592,0,6.9,1,9,0,2,Frustrated,0.0563,low,0
CUST0445,22,64,1,35755,15,14077,1,4.1,0,17,0,1,Confused,0.0822,low,0
CUST0446,46,78,2,28494,13,25446,1,4.9,1,20,0,3,Price-sensitive,0.0377,low,0
CUST0447,42,120,1,68868,16,61042,0,6.6,1,12,0,2,Frustrated,0.01,low,0
CUST0448,26,5,2,9966,22,7736,1,6.8,0,16,1,0,Satisfied,0.0733,low,0
CUST0449,31,15,1,15631,14,10873,0,3.7,0,10,1,1,Confused,0.3157,medium,0
CUST0450,25,42,3,15456,16,9995,0,8.4,0,26,0,0,Satisfied,0.01,low,0
CUST0451,37,35,1,77671,11,63663,0,7.4,1,15,0,2,Frustrated,0.2948,low,0
CUST0452,49,5,2,142698,15,67590,0,4.7,0,29,0,1,Confused,0.01,low,0
CUST0453,26,50,3,33404,10,19394,0,3.0,0,30,1,1,Confused,0.01,low,0
CUST0454,44,7,2,31727,13,21308,0,5.9,0,17,0,0,Satisfied,0.0614,low,0
CUST0455,31,7,2,38408,18,20998,0,5.3,1,9,0,2,Frustrated,0.2902,low,0
CUST0456,28,23,1,91996,15,51195,2,6.4,0,1,1,2,Frustrated,0.2062,low,0
CUST0457,36,26,1,17294,23,8615,0,5.4,0,6,0,0,Satisfied,0.1638,low,0
CUST0458,25,26,2,43945,14,28060,1,2.0,0,7,0,1,Confused,0.0979,low,0
CUST0459,31,2,4,79233,9,64206,1,5.4,1,29,0,2,Frustrated,0.113,low,0
CUST0460,23,62,2,54223,15,22823,1,5.6,0,18,1,0,Satisfied,0.01,low,0
CUST0461,61,9,2,42262,12,36373,3,7.5,0,21,1,2,Frustrated,0.0943,low,0
CUST0462,38,4,2,80889,8,57710,0,4.7,1,0,1,3,Price-sensitive,0.4494,medium,0
CUST0463,29,65,2,5000,16,3969,0,9.7,0,8,0,0,Satisfied,0.0198,low,0
CUST0464,40,93,1,62461,10,39582,2,2.2,1,25,0,4,Comparison-shopping,0.0871,low,0
CUST0465,36,59,2,21520,11,16521,0,9.0,0,20,1,0,Satisfied,0.1042,low,0
CUST0466,35,49,4,8395,20,2600,1,5.7,0,16,1,0,Satisfied,0.1547,low,0
CUST0467,45,31,1,54664,18,43240,1,8.0,0,22,0,0,Satisfied,0.0361,low,0
CUST0468,47,24,2,108980,12,35318,1,6.4,0,30,1,0,Satisfied,0.01,low,0
CUST0469,31,2,1,32534,8,27131,3,8.6,0,16,0,2,Frustrated,0.2396,low,0
CUST0470,31,15,2,77831,7,69672,4,5.4,0,18,0,2,Frustrated,0.1453,low,0
CUST0471,34,13,1,131903,11,62843,1,3.9,1,19,1,3,Price-sensitive,0.2647,low,0
CUST0472,21,9,2,103977,11,44314,0,9.2,0,30,0,0,Satisfied,0.01,low,0
CUST0473,21,38,3,134857,10,102385,2,6.0,0,1,1,2,Frustrated,0.0718,low,0
CUST0474,54,20,1,65755,11,29709,0,6.7,0,23,0,0,Satisfied,0.0392,low,0
CUST0475,57,2,2,38574,12,31605,0,8.8,1,17,0,2,Frustrated,0.1748,low,0
CUST0476,35,7,3,10081,11,3646,2,4.0,0,22,1,3,Price-sensitive,0.2891,low,0
CUST0477,44,34,3,29826,11,11201,0,7.5,0,12,1,0,Satisfied,0.1144,low,0
CUST0478,41,2,1,18497,16,16415,0,5.0,0,17,0,0,Satisfied,0.1109,low,0
CUST0479,70,57,2,206231,9,145249,0,5.9,0,23,0,0,Satisfied,0.0691,low,0
CUST0480,51,20,1,31548,19,25494,2,6.4,0,30,0,2,Frustrated,0.04,low,0
CUST0481,36,19,4,40077,8,19821,0,3.0,1,24,0,3,Price-sensitive,0.1365,low,0
CUST0482,26,26,3,56454,12,39850,1,4.6,0,11,1,1,Confused,0.1678,low,0
CUST0483,21,52,2,37604,18,24688,0,9.0,1,14,1,2,Frustrated,0.0874,low,0
CUST0484,40,12,3,140933,15,93282,1,8.1,0,14,0,0,Satisfied,0.0493,low,0
CUST0485,28,33,2,22067,9,15656,1,6.1,0,3,0,0,Satisfied,0.024,low,0
CUST0486,21,25,2,42433,11,27378,0,6.7,1,15,0,2,Frustrated,0.2484,low,0
CUST0487,30,9,1,20050,8,11176,0,5.6,0,23,1,0,Satisfied,0.2314,low,0
CUST0488,25,63,3,12631,12,5880,0,9.0,1,7,0,2,Frustrated,0.0521,low,0
CUST0489,58,47,1,22260,6,16943,4,5.8,0,26,0,2,Frustrated,0.0993,low,0
CUST0490,48,32,3,35255,13,15362,1,6.7,1,21,0,2,Frustrated,0.2526,low,0
CUST0491,37,57,3,25759,15,18428,3,8.6,0,12,0,2,Frustrated,0.0399,low,0
CUST0492,55,60,2,20869,12,9182,0,4.6,0,16,0,1,Confused,0.01,low,0
CUST0493,38,36,1,11789,19,7959,1,9.5,0,30,0,0,Satisfied,0.01,low,0
CUST0494,27,54,1,33979,10,25424,1,3.0,0,23,1,1,Confused,0.1081,low,0
CUST0495,56,35,1,10896,17,4698,1,9.6,0,18,1,0,Satisfied,0.1079,low,0
CUST0496,44,34,2,66705,14,22410,3,5.4,0,16,1,2,Frustrated,0.1842,low,0
CUST0497,25,28,1,38791,12,14685,0,5.7,0,18,0,0,Satisfied,0.0134,low,0
CUST0498,35,41,4,11315,13,7508,0,2.2,0,13,0,1,Confused,0.0182,low,0
CUST0499,27,5,2,28357,13,22959,1,5.2,1,1,0,2,Frustrated,0.5142,medium,1
CUST0500,21,63,1,19896,9,6505,1,4.0,0,30,0,1,Confused,0.1061,low,0
